{"cameraMode":{"drawMode":0,"name":"Shaded","section":"Shading Mode"},"sceneLighting":true,"audioPlay":false,"sceneViewState":{"m_AlwaysRefresh":false,"showFog":true,"showSkybox":true,"showFlares":true,"showImageEffects":true,"showParticleSystems":true,"showVisualEffectGraphs":true,"m_FxEnabled":true},"in2DMode":false,"pivot":{"x":102.84915161132813,"y":41.65317916870117,"z":-54.891082763671878},"rotation":{"x":-0.09011223912239075,"y":0.041252363473176959,"z":-0.0038247285410761835,"w":-0.9951410889625549},"size":8.110923767089844,"orthographic":false}